                  epoch,         train/box_loss,         train/cls_loss,         train/dfl_loss,   metrics/precision(B),      metrics/recall(B),       metrics/mAP50(B),    metrics/mAP50-95(B),           val/box_loss,           val/cls_loss,           val/dfl_loss,                 lr/pg0,                 lr/pg1,                 lr/pg2
                      0,                 1.6487,                 4.1195,                0.98752,                0.00039,                0.01822,                0.00682,                0.00273,                 1.4269,                 4.5545,                0.93241,               0.070714,               0.003254,               0.003254
                      1,                 1.4109,                 2.8446,                0.94257,                0.26899,                0.40458,                0.32209,                0.15671,                 1.5768,                 3.3049,                0.96869,               0.039627,              0.0055004,              0.0055004
                      2,                 1.3443,                  2.586,                0.92685,                0.41274,                0.37091,                0.39055,                0.20724,                 1.5932,                 2.6345,                0.98217,              0.0074405,              0.0066468,              0.0066468
                      3,                 1.2584,                 2.2494,                0.91504,                 0.5109,                0.62823,                0.56541,                0.37791,                 1.1287,                 2.0835,                0.89553,                0.00505,                0.00505,                0.00505
                      4,                 1.1332,                  2.037,                 0.8927,                0.57089,                0.71062,                0.69179,                0.51337,                0.93973,                 1.7347,                0.86797,                0.00505,                0.00505,                0.00505
                      5,                0.97888,                  1.737,                0.86417,                0.69315,                0.75053,                0.76193,                0.61239,                0.80102,                 1.4696,                0.85552,                 0.0034,                 0.0034,                 0.0034
